,bill_length_mm,bill_depth_mm,flipper_length_mm,body_mass_g,year
bill_length_mm,1.0,-0.2350528703555336,0.6561813407464265,0.5951098244376272,0.054544582136501804
bill_depth_mm,-0.2350528703555336,1.0,-0.5838512164654143,-0.4719156211860674,-0.06035364228413591
flipper_length_mm,0.6561813407464265,-0.5838512164654143,1.0,0.871201767306011,0.16967510658975762
body_mass_g,0.5951098244376272,-0.4719156211860674,0.871201767306011,1.0,0.04220939154334626
year,0.054544582136501804,-0.06035364228413591,0.16967510658975762,0.04220939154334626,1.0
